SKU,Main product,Name,Lu01 group,vis group,diff primary,diff sec,Produktfamilie,Category,Type
3105866,ARC,Arc 2x3W Grafitt,Arc,,,,Arc,Ceiling- and wall luminaire,Product
"3185149,055",ARC,Arc 2x3W Grafitt,Arc,,,,Arc,Ceiling- and wall luminaire,Accessories
3105867,ARC,Arc 2x3W Hvit,Arc,,,,Arc,Ceiling- and wall luminaire,Product
"3185305,624",ARC,Arc 2x3W Hvit,Arc,,,,Arc,Ceiling- and wall luminaire,Accessories
3105888,ARGOS,ARGOS 1 Mini Asym Down LED 14W 3000K Grafitt,,,,,Argos,Ceiling- and wall luminaire,Product
"3185462,194",ARGOS,ARGOS 1 Mini Asym Down LED 14W 3000K Grafitt,,,,,Argos,Ceiling- and wall luminaire,Accessories
3105889,ARGOS,ARGOS 1 Mini Asym Down LED 14W 3000K Sølv,,,,,Argos,Ceiling- and wall luminaire,Product
"3185618,764",ARGOS,ARGOS 1 Mini Asym Down LED 14W 3000K Sølv,,,,,Argos,Ceiling- and wall luminaire,Accessories
3109580,ARGOS,ARGOS 1 Mini Asym Down LED 14W 4000K Grafitt,,,,,Argos,Ceiling- and wall luminaire,Product
"3185775,334",ARGOS,ARGOS 1 Mini Asym Down LED 14W 4000K Grafitt,,,,,Argos,Ceiling- and wall luminaire,Accessories
3109581,ARGOS,ARGOS 1 Mini Asym Down LED 14W 4000K Sølv,,,,,Argos,Ceiling- and wall luminaire,Product
"3185931,904",ARGOS,ARGOS 1 Mini Asym Down LED 14W 4000K Sølv,,,,,Argos,Ceiling- and wall luminaire,Accessories
3105884,ARGOS,ARGOS 1 Mini Asym Down LED 5.2W 3000K Grafitt,,,,,Argos,Ceiling- and wall luminaire,Product
"3186088,474",ARGOS,ARGOS 1 Mini Asym Down LED 5.2W 3000K Grafitt,,,,,Argos,Ceiling- and wall luminaire,Accessories
3105885,ARGOS,ARGOS 1 Mini Asym Down LED 5.2W 3000K Sølv,,,,,Argos,Ceiling- and wall luminaire,Product
"3186245,044",ARGOS,ARGOS 1 Mini Asym Down LED 5.2W 3000K Sølv,,,,,Argos,Ceiling- and wall luminaire,Accessories
3105880,ARGOS,ARGOS 1 Mini Wide Down LED 5.2W 3000K Grafitt,,,,,Argos,Ceiling- and wall luminaire,Product
"3186401,614",ARGOS,ARGOS 1 Mini Wide Down LED 5.2W 3000K Grafitt,,,,,Argos,Ceiling- and wall luminaire,Accessories
3105881,ARGOS,ARGOS 1 Mini Wide Down LED 5.2W 3000K Sølv,,,,,Argos,Ceiling- and wall luminaire,Product
"3186558,183",ARGOS,ARGOS 1 Mini Wide Down LED 5.2W 3000K Sølv,,,,,Argos,Ceiling- and wall luminaire,Accessories
3105886,ARGOS,ARGOS 3 Mini Wide Up/ Asym Down LED 2x5.2W 3000K Grafitt,,,,,Argos,Ceiling- and wall luminaire,Product
"3186714,753",ARGOS,ARGOS 3 Mini Wide Up/ Asym Down LED 2x5.2W 3000K Grafitt,,,,,Argos,Ceiling- and wall luminaire,Accessories
3105887,ARGOS,ARGOS 3 Mini Wide Up/ Asym Down LED 2x5.2W 3000KSølv,,,,,Argos,Ceiling- and wall luminaire,Product
3105882,ARGOS,ARGOS 3 Mini Wide Up/Down LED 2x5.2W 3000K Grafitt,,,,,Argos,Ceiling- and wall luminaire,Product
3105883,ARGOS,ARGOS 3 Mini Wide Up/Down LED 2x5.2W 3000K Sølv,,,,,Argos,Ceiling- and wall luminaire,Product
3105898,ARGOS,"Argos 4 Mini Blade/Wide 2X4,6W 3000K Grafitt",,,,,Argos,Ceiling- and wall luminaire,Product
3105899,ARGOS,"Argos 4 Mini Blade/Wide 2X4,6W 3000K Sølv",,,,,Argos,Ceiling- and wall luminaire,Product
3109820,ATHLON,Athlon Vegg Asym 26W 3000K Grafitt,,,,,Athlon,Spotlight and floodlight,Product
3105877,ATOM,Atom Vegg LED IP68 350mA 3000K,,,,,Atom,Inground and bollards,Product
3109792,CASE,Case 1x12W Asy Hvit,,,,,Case,Ceiling- and wall luminaire,Product
3109791,CASE,Case 1x12W Asy Sort,,,,,Case,Ceiling- and wall luminaire,Product
3109790,CASE,Case 2x6W Hvit,,,,,Case,Ceiling- and wall luminaire,Product
3109789,CASE,Case 2x6W Sort,,,,,Case,Ceiling- and wall luminaire,Product
3109530,CORE MINI CEILING,Core Mini Tak 13W LED 3000K IP65 Grafitt,,,,,Core,Ceiling- and wall luminaire,Product
3109286,CORE MINI CEILING,"Core MIni Tak 6,5W GU10 LED 2700K IP65 Grafitt",,,,,Core,Ceiling- and wall luminaire,Product
3109287,CORE MINI CEILING,"Core Mini Tak 6,5W GU10 LED 2700K IP65 Hvit",,,,,Core,Ceiling- and wall luminaire,Product
3109288,CORE MINI CEILING,"Core Mini Tak 6,5W GU10 LED 2700K IP65 Sølv",,,,,Core,Ceiling- and wall luminaire,Product
3109480,CORE WALL,Core Mini Up/Down 2x13W LED 3000K 25° Grafitt,,,,,Core,Ceiling- and wall luminaire,Product
3109258,CORE WALL,"Core Mini Up/Down 2x6,5W GU10 LED IP65 Grafitt",,,,,Core,Ceiling- and wall luminaire,Product
3109268,CORE WALL,"Core Mini Up/Down 2x6,5W GU10 LED IP65 Hvit",,,,,Core,Ceiling- and wall luminaire,Product
3109259,CORE WALL,"Core Mini Up/Down 2x6,5W GU10 LED IP65 Sølv",,,,,Core,Ceiling- and wall luminaire,Product
3109520,CORE PULLERT,Core Pullert 13W LED 3K Grafitt,,,,,Core,Inground and bollards,Product
3109260,CORE PULLERT,"Core Pullert 6,5W GU10 LED IP65 Grafitt",,,,,Core,Inground and bollards,Product
3109510,CORE PULLERT,Core Pullert IP65 Sølv,,,,,Core,Inground and bollards,Product
1405961,Impulse dimmer,Core2dim 200 Mini Impulsdimmer 3-200W,,,,,Unidim,Dimmers,Product
6614615,DALI-Driver LED 10W 230mA,DALI Driver LED 10W 230mA Med Koblingsboks,,,,,DALI drivere,Drivers,Product
6614618,DALI-Driver LED 12W 350mA,DALI Driver LED 12W 350mA m/koblingsboks,,,,,DALI drivere,Drivers,Product
6614686,DALI-Driver for 2700K and 3000K,DALI LED Driver 9W 300mA med koblingsboks,,,,,DALI drivere,Drivers,Product
6614676,DALI-Driver for 2700K and 3000K,DALI LED Driver 9W 450mA med koblingsboks,,,,,DALI drivere,Drivers,Product
6614661,LED Driver for SmartPanal II,DALI LED Driver for SmartPanel II 47W m/kabel,,,,,DALI drivere,Drivers,Product
3109600,DARIUS,Darius 12W AC LED IP 65 Grafitt,,,,,Darius,Ceiling- and wall luminaire,Product
3109601,DARIUS,Darius 12W AC LED IP 65 Sølv,,,,,Darius,Ceiling- and wall luminaire,Product
3109283,DECKLIGHT PIN POINT,"Decklight Pin Point 1,2W 350mA IP65 2700K",,,,,Decklight,Inground and bollards,Product
3109282,DECKLIGHT POINT,"Decklight Point 1,2W 350mA IP65 2700K",,,,,Decklight,Inground and bollards,Product
1405909,DIMMER 265W 1-POL,Dimmer 265W KDT-265E 1-Pol,,,,,Unidim,Dimmers,Product
1405901,DIMMER 500W 1-POL,Dimmer 500W KDT-500E 1-Pol,,,,,Unidim,Dimmers,Product
1405902,DIMMER 500W 2-POL,Dimmer 500W KDT-500E2 2-pol,,,,,Unidim,Dimmers,Product
1405928,Front Exxact,Dimmer Front Exxact,,,,,Unidim,Dimmers accessories,Accessories
3109271,DOT ROUND,Dot LED Round Ramp 1w Grafitt,,,,,Dot,Orientation light,Product
3109256,DOT ROUND,Dot LED Round Ramp 1w Hvit,,,,,Dot,Orientation light,Product
3109272,DOT ROUND,Dot LED Round Ramp 1w Sølv,,,,,Dot,Orientation light,Product
3109269,DOT SQUARE,Dot LED Square Ramp 1w Grafitt,,,,,Dot,Orientation light,Product
3109265,DOT SQUARE,Dot LED Square Ramp 1w Hvit,,,,,Dot,Orientation light,Product
3109270,DOT SQUARE,Dot LED Square Ramp 1w Sølv,,,,,Dot,Orientation light,Product
3225365,DOWNLIGHTRAMME,Downlightramme Firkant 120X120MM Børstet Stål,,,,,,Downlight accessories,Accessories
3225360,DOWNLIGHTRAMME,Downlightramme Firkant 120X120MM Matt Hvit,,,,,,Downlight accessories,Accessories
3225363,DOWNLIGHTRAMME,Downlightramme Firkant 120X120MM Matt Sort,,,,,,Downlight accessories,Accessories
3225366,DOWNLIGHTRAMME,Downlightramme Firkant 120X240MM Børstet Stål,,,,,,Downlight accessories,Accessories
3225361,DOWNLIGHTRAMME,Downlightramme Firkant 120X240MM Matt Hvit,,,,,,Downlight accessories,Accessories
3225364,DOWNLIGHTRAMME,Downlightramme Firkant 120X240MM Matt Sort,,,,,,Downlight accessories,Accessories
3225367,DOWNLIGHTRAMME,Downlightramme Firkant 120X360MM Børstet Stål,,,,,,Downlight accessories,Accessories
3225362,DOWNLIGHTRAMME,Downlightramme Firkant 120X360MM Matt Hvit,,,,,,Downlight accessories,Accessories
3225368,DOWNLIGHTRAMME,Downlightramme Firkant 120X360MM Matt Sort,,,,,,Downlight accessories,Accessories
3109276,DRIFT,Drift Flat 18W IP65 Grafitt,,,,,Drift,Ceiling- and wall luminaire,Product
3109267,DRIFT,Drift Flat 18W IP65 Sølv,,,,,Flat,Ceiling- and wall luminaire,Product
6614632,DRIVER 4W Dimmable,Driver 4W 160mA Dimbar,,,,,LED driver,Drivers,Product
6614630,DRIVER 4W Dimmable,Driver 4W 350mA Dimbar,,,,,LED driver,Drivers,Product
6614604,DRIVER,Driver LED 2x4W 160mA Lav Dim,,,,,LED driver,Drivers,Product
6614605,DRIVER,Driver LED 3x4W 160mA Lav Dim,,,,,LED driver,Drivers,Product
6614600,DRIVER,Driver LED 3x4W 450mA Lav Dim,,,,,LED driver,Drivers,Product
6614602,DRIVER,Driver LED 4x4W 450mA m/deksel Dim,,,,,LED driver,Drivers,Product
3305802,ECOLED,EcoLED 12W IP21 Kl.II Hvit,,Ecoled,IP 21,,EcoLED,Ceiling- and wall luminaire,Product
3305830,ECOLED,EcoLED 12W IP44 4000K Hvit,,Ecoled,IP 44,,EcoLED,Ceiling- and wall luminaire,Product
3305812,ECOLED,EcoLED 12W IP44 Kl.II Hvit,,Ecoled,,,EcoLED,Ceiling- and wall luminaire,Product
3305804,ECOLED,EcoLED Alu 12W IP20 Kl.II Hvit,,Ecoled Alu,IP 20,hvit,EcoLED,Ceiling- and wall luminaire,Product
3305805,ECOLED,EcoLED Alu 12W IP20 Kl.II Sølv,,Ecoled Alu,IP 20,solv,EcoLED,Ceiling- and wall luminaire,Product
3305814,ECOLED,EcoLED Alu 12W IP44 Kl.II Hvit,,Ecoled Alu,IP 44,hvit,EcoLED,Ceiling- and wall luminaire,Product
3305815,ECOLED,EcoLED Alu 12W IP44 Kl.II Sølv,,Ecoled Alu,IP 44,solv,EcoLED,Ceiling- and wall luminaire,Product
3305808,ECOLED,EcoLED Alu sensor 12W IP21 Kl.II Hvit,,Ecoled Alu,sensor,hvit,EcoLED,Ceiling- and wall luminaire,Product
3305809,ECOLED,EcoLED Alu sensor 12W IP21 Kl.II Sølv,,Ecoled Alu,sensor,solv,EcoLED,Ceiling- and wall luminaire,Product
3305840,ECOLED,EcoLED Maxi 23W IP21 Alu Hvit,,Ecoled Maxi,Alu,Hvit,EcoLED,Ceiling- and wall luminaire,Product
3305846,ECOLED,EcoLED Maxi 23W IP21 Alu Sølv,,Ecoled Maxi,Alu,Solv,EcoLED,Ceiling- and wall luminaire,Product
3305832,ECOLED,EcoLED Maxi 23W IP21 PC Hvit,,Ecoled Maxi,PC,IP 21,EcoLED,Ceiling- and wall luminaire,Product
3305834,ECOLED,EcoLED Maxi 23W IP44 PC Hvit,,Ecoled Maxi,PC,IP 44,EcoLED,Ceiling- and wall luminaire,Product
3305841,ECOLED,EcoLED Maxi Sensor 23W IP21 Alu Hvit,,Ecoled Maxi,,,EcoLED,Ceiling- and wall luminaire,Product
3305847,ECOLED,EcoLED Maxi Sensor 23W IP21 Alu Sølv,,Ecoled Maxi,,,EcoLED,Ceiling- and wall luminaire,Product
3305833,ECOLED,EcoLED Maxi Sensor 23W IP21 PC Hvit,,Ecoled Maxi,,,EcoLED,Ceiling- and wall luminaire,Product
3305835,ECOLED,EcoLED Maxi Sensor 23W IP44 PC Hvit,,Ecoled Maxi,,,EcoLED,Ceiling- and wall luminaire,Product
3305806,ECOLED,EcoLED sensor 12W IP21 Kl.II Hvit,,Ecoled,,,EcoLED,Ceiling- and wall luminaire,Product
3305831,ECOLED,EcoLED Sensor 12W IP44 4000K Hvit,,Ecoled,,,EcoLED,Ceiling- and wall luminaire,Product
3305816,ECOLED,EcoLED sensor 12W IP44 Kl.II Hvit,,Ecoled,,,EcoLED,Ceiling- and wall luminaire,Product
3109769,EDEN,Eden L IP56 Sensor Sort,,,,,Eden,Ceiling- and wall luminaire,Product
3109766,EDEN,Eden L IP65 Sort,,,,,Eden,Ceiling- and wall luminaire,Product
3109772,EDEN Eyelid,Eden M Eyelid Sort,,,,,Eden,Ceiling- and wall luminaire,Product
3109773,EDEN Eyelid,Eden M Eyelid Sort Sensor,,,,,Eden,Ceiling- and wall luminaire,Product
3109763,EDEN,Eden M IP65 Sensor Sort,,,,,Eden,Ceiling- and wall luminaire,Product
3109760,EDEN,Eden M IP65 Sort,,,,,Eden,Ceiling- and wall luminaire,Product
3109786,EDGE,Edge 1x6W Hvit,,,,,Edge,Ceiling- and wall luminaire,Product
3109785,EDGE,Edge 1x6W Sort,,,,,Edge,Ceiling- and wall luminaire,Product
3109788,EDGE,Edge 2x6W Hvit,,,,,Edge,Ceiling- and wall luminaire,Product
3109787,EDGE,Edge 2x6W Sort,,,,,Edge,Ceiling- and wall luminaire,Product
3109274,FIN Arm,FIN Arm HID 70W IP65 Grafitt,,,,,FIN,Spotlight and floodlight,Product
3105870,FIN Arm,FIN Arm-LED LED 54W 4000K Bi-Symmetric Grafitt,,,,,FIN,Spotlight and floodlight,Product
3109748,FLOW,Flow 20W Bi-symmetrisk 3000K Sort,,,,,Flow,Ceiling- and wall luminaire,Product
3100790,FLOW,Flow 36W Bi-Symmetrisk 3000K Sort,,,,,Flow,Ceiling- and wall luminaire,Product
3109896,FLOW,Flow Armfeste 42-48mm Sort,,,,,Flow,Ceiling- and wall luminaire,Product
3109741,FLOW,Flow Asymmetrisk 20W 3000K Hvit,,,,,Flow,Ceiling- and wall luminaire,Product
3109740,FLOW,Flow Asymmetrisk 20W 3000K Sort,,,,,Flow,Ceiling- and wall luminaire,Product
3109743,FLOW,Flow Asymmetrisk 36W 3000K Hvit,,,,,Flow,Ceiling- and wall luminaire,Product
3109742,FLOW,Flow Asymmetrisk 36W 3000K Sort,,,,,Flow,Ceiling- and wall luminaire,Product
3109892,FLOW,Flow Hjørnebrakett Sort,,,,,Flow,Ceiling- and wall luminaire,Product
3109894,FLOW,Flow Mastetopp 60mm Sort,,,,,Tube,Ceiling- and wall luminaire,Product
3109744,FLOW,Flow Symmetrisk 20W 3000K Sort,,,,,Flow,Ceiling- and wall luminaire,Product
3109746,FLOW,Flow Symmetrisk 36W 3000K Sort,,,,,Flow,Ceiling- and wall luminaire,Product
3306390,FUNK,Funk 36W 3000K Børstet Bronse,,,,,Funk,Ceiling- and wall luminaire,Product
3229431,GYRO,Gyro 8W 2700K Børstet Stål,,,,,Gyro,Downlight,Product
3229430,GYRO,Gyro 8W 2700K Matt Hvit,,,,,Gyro,Downlight,Product
3229432,GYRO,Gyro 8W 2700K Matt Sort,,,,,Gyro,Downlight,Product
3229433,GYRO,Gyro 8W 3000K Matt Hvit,,,,,Gyro,Downlight,Product
3229434,GYRO,Gyro 8W 3000K Matt Sort,,,,,Gyro,Downlight,Product
3229438,GYRO Frame 1,Gyro Frame 2700K 1 Børstet Stål,,,,,Gyro Frame,Downlight,Product
3229435,GYRO Frame 1,Gyro Frame 2700K 1 Matt Hvit,,,,,Gyro Frame,Downlight,Product
3229441,GYRO Frame 1,Gyro Frame 2700K 1 Matt Sort,,,,,Gyro Frame,Downlight,Product
3229439,GYRO Frame 2,Gyro Frame 2700K 2 Børstet Stål,,,,,Gyro Frame,Downlight,Product
3229436,GYRO Frame 2,Gyro Frame 2700K 2 Matt Hvit,,,,,Gyro Frame,Downlight,Product
3229442,GYRO Frame 2,Gyro Frame 2700K 2 Matt Sort,,,,,Gyro Frame,Downlight,Product
3229440,GYRO Frame 3,Gyro Frame 2700K 3 Børstet Stål,,,,,Gyro Frame,Downlight,Product
3229437,GYRO Frame 3,Gyro Frame 2700K 3 Matt Hvit,,,,,Gyro Frame,Downlight,Product
3229443,GYRO Frame 3,Gyro Frame 2700K 3 Matt Sort,,,,,Gyro Frame,Downlight,Product
3229313,GYRO Frame 1,Gyro Frame WarmDim 1 Børstet Stål,,,,,Gyro Frame,Downlight,Product
3229310,GYRO Frame 1,Gyro Frame WarmDim 1 Matt Hvit,,,,,Gyro Frame,Downlight,Product
3229316,GYRO Frame 1,Gyro Frame WarmDim 1 Matt Sort,,,,,Gyro Frame,Downlight,Product
3229314,GYRO Frame 2,Gyro Frame WarmDim 2 Børstet Stål,,,,,Gyro Frame,Downlight,Product
3229311,GYRO Frame 2,Gyro Frame WarmDim 2 Matt Hvit,,,,,Gyro Frame,Downlight,Product
3229317,GYRO Frame 2,Gyro Frame WarmDim 2 Matt Sort,,,,,Gyro Frame,Downlight,Product
3229315,GYRO Frame 3,Gyro Frame WarmDim 3 Børstet Stål,,,,,Gyro Frame,Downlight,Product
3229312,GYRO Frame 3,Gyro Frame WarmDim 3 Matt Hvit,,,,,Gyro Frame,Downlight,Product
3229318,GYRO Frame 3,Gyro Frame WarmDim 3 Matt Sort,,,,,Gyro Frame,Downlight,Product
3229345,GYRO Surface Round 1,Gyro Surface Round 1 2700K Matt Hvit,,,,,Gyro Surface,Downlight,Product
3229346,GYRO Surface Round 1,Gyro Surface Round 1 2700K Matt Sort,,,,,Gyro Surface,Downlight,Product
3229343,GYRO Surface Round 1,Gyro Surface Round 1 WarmDim Matt Hvit,,,,,Gyro Surface,Downlight,Product
3229344,GYRO Surface Round 1,Gyro Surface Round 1 WarmDim Matt Sort,,,,,Gyro Surface,Downlight,Product
3229380,GYRO Surface Square 1,Gyro Surface Square 1 2700K Matt Hvit,,,,,Gyro Surface,Downlight,Product
3229383,GYRO Surface Square 1,Gyro Surface Square 1 2700K Matt Sort,,,,,Gyro Surface,Downlight,Product
3229474,GYRO Surface Square 1,Gyro Surface Square 1 WarmDim Matt Hvit,,,,,Gyro Surface,Downlight,Product
3229477,GYRO Surface Square 1,Gyro Surface Square 1 WarmDim Matt Sort,,,,,Gyro Surface,Downlight,Product
3229381,GYRO Surface Square 2,Gyro Surface Square 2 2700K Matt Hvit,,,,,Gyro Surface,Downlight,Product
3229384,GYRO Surface Square 2,Gyro Surface Square 2 2700K Matt Sort,,,,,Gyro Surface,Downlight,Product
3229475,GYRO Surface Square 2,Gyro Surface Square 2 WarmDim Matt Hvit,,,,,Gyro Surface,Downlight,Product
3229478,GYRO Surface Square 2,Gyro Surface Square 2 WarmDim Matt Sort,,,,,Gyro Surface,Downlight,Product
3229382,GYRO Surface Square 3,Gyro Surface Square 3 2700K Matt Hvit,,,,,Gyro Surface,Downlight,Product
3229385,GYRO Surface Square 3,Gyro Surface Square 3 2700K Matt Sort,,,,,Gyro Surface,Downlight,Product
3229476,GYRO Surface Square 3,Gyro Surface Square 3 WarmDim Matt Hvit,,,,,Gyro Surface,Downlight,Product
3229479,GYRO Surface Square 3,Gyro Surface Square 3 WarmDim Matt Sort,,,,,Gyro Surface,Downlight,Product
3229425,GYRO,Gyro WarmDim 9W Antikk Messing,,,,,Gyro,Downlight,Product
3229421,GYRO,Gyro WarmDim 9W Børstet Stål,,,,,Gyro,Downlight,Product
3229420,GYRO,Gyro WarmDim 9W Matt Hvit,,,,,Gyro,Downlight,Product
3229422,GYRO,Gyro WarmDim 9W Matt Sort,,,,,Gyro,Downlight,Product
3109470,I-Brick 1,"I-Brick 1 4,1W LED 3000K Grafitt",,,,,I Brick,Orientation light,Product
3109471,I-Brick 1,"I-Brick 1 4,1W LED 3000K Sølv",,,,,I Brick,Orientation light,Product
3109472,I-Brick H-Ramp,"I-Brick H-Ramp 4,1W LED 3000K Grafitt",,,,,I Brick,Orientation light,Product
3109473,I-Brick H-Ramp,"I-Brick H-Ramp 4,1W LED 3000K Sølv",,,,,I Brick,Orientation light,Product
3109475,I-Brick V-Ramp,"I-Brick V-Ramp 4,6 W LED 3000K Sølv",,,,,I Brick,Orientation light,Product
3109474,I-Brick V-Ramp,"I-Brick V-Ramp 4,6W LED 3000K Grafitt",,,,,I Brick,Orientation light,Product
3229391,ISOCOB,IsoCob 9W LED 2700K Børstet stål,,,,,IsoCob,Downlight,Product
3229390,ISOCOB,IsoCob 9W LED 2700K Matt Hvit,,,,,IsoCob,Downlight,Product
3225556,JUNO COB 76,Juno COB 76 LED 8W Hvit,,,,,Juno,Downlight,Product
3225554,JUNO COB 76,Juno COB 76 LED 8W Krom,,,,,Juno,Downlight,Product
3225551,JUNO COB 76,Juno COB 76 LED 8W Matt Hvit,,,,,Juno,Downlight,Product
3225553,JUNO COB 76,Juno COB 76 LED 8W Sort Krom,,,,,Juno,Downlight,Product
3225549,Forgreningsboks,Juno COB forgreningsboks 230V,,,,,Juno,Downlight accessories,Accessories
3225541,JUNO COB,Juno COB LED IP65 8W Hvit,,,,,Juno,Downlight,Product
3224949,Juno COB Rehab,Juno COB Rehab Børstet Stål,,,,,Juno,Downlight,Product
3224947,Juno COB Rehab,Juno COB Rehab Hvit,,,,,Juno,Downlight,Product
3229367,Juno Cob+,Juno Cob+ 10W DALI Børstet Stål,,,,,Juno,Downlight,Product
3229366,Juno Cob+,Juno Cob+ 10W DALI Matt Hvit,,,,,Juno,Downlight,Product
3225327,Juno Cob+ 76,Juno Cob+ 76 LED 8W Børstet Stål,,,,,Juno,Downlight,Product
3225326,Juno Cob+ 76,Juno Cob+ 76 LED 8W Matt Hvit,,,,,Juno,Downlight,Product
3225328,Juno Cob+ 76,Juno Cob+ 76 LED 8W Matt Sort,,,,,Juno,Downlight,Product
3225307,Juno Cob+,Juno Cob+ LED 10W Børstet Stål,,,,,Juno,Downlight,Product
3225306,Juno Cob+,Juno Cob+ LED 10W Matt Hvit,,,,,Juno,Downlight,Product
3225308,Juno Cob+,Juno Cob+ LED 10W Matt Sort,,,,,Juno,Downlight,Product
3109550,Juno Cob+ Outdoor,Juno Cob+ Outdoor LED 10W Matt Hvit,,,,,Juno,Downlight,Product
3109551,Juno Cob+ Outdoor,Juno Cob+ Outdoor LED 10W Matt Sort,,,,,Juno,Downlight,Product
3225303,Juno GyroCOB+,Juno GyroCOB+ 10W Børstet Stål,,,,,Juno,Downlight,Product
3229363,Juno GyroCOB+,Juno GyroCOB+ 10W DALI Børstet Stål,,,,,Juno,Downlight,Product
3229362,Juno GyroCOB+,Juno GyroCOB+ 10W DALI Matt Hvit,,,,,Juno,Downlight,Product
3229336,Juno GyroCOB+,Juno GyroCOB+ 10W WarmDim Børstet Stål,,,,,Juno,Downlight,Product
3109328,JUNO Cob Outdoor,Juno Outdoor COB LED 8W IP44 Grafitt,,,,,Juno,Downlight,Product
3109327,JUNO Cob Outdoor,Juno Outdoor COB LED 8W IP44 Hvit,,,,,Juno,Downlight,Product
3225341,JUNO Safe,"Juno Safe 6,5W SGU10 Børstet Stål",,,,,Juno,Downlight,Product
3225340,JUNO Safe,"Juno Safe 6,5W SGU10 Matt Hvit",,,,,Juno,Downlight,Product
3225346,JUNO Safe+,Juno Safe+ WarmDim LED Børstet Stål 6W SGU10 IP23,,,,,Juno,Downlight,Product
3225345,JUNO Safe+,Juno Safe+ WarmDim LED Matt Hvit 6W SGU10 IP23,,,,,Juno,Downlight,Product
3225510,JUNO Soft Cob,Juno Soft Cob 8W Matt Hvit,,,,,Juno,Downlight,Product
3225512,JUNO Soft Cob,Juno Soft Cob 8W Matt sort,,,,,Juno,Downlight,Product
3229371,Juno Soft Cob+,Juno Soft Cob+ 10W DALI Børstet stål,,,,,Juno,Downlight,Product
3229370,Juno Soft Cob+,Juno Soft Cob+ 10W DALI Matt Hvit,,,,,Juno,Downlight,Product
3229341,Juno Soft Cob+,Juno Soft Cob+ 10W WarmDim Børstet Stål,,,,,Juno,Downlight,Product
3229340,Juno Soft Cob+,Juno Soft Cob+ 10W WarmDim Matt Hvit,,,,,Juno,Downlight,Product
3229342,Juno Soft Cob+,Juno Soft Cob+ 10W WarmDim Matt Sort,,,,,Juno,Downlight,Product
3229372,Juno Soft Cob+,Juno Soft Cob+ 3000 K 10W DALI Matt Hvit,,,,,Juno,Downlight,Product
3229374,Juno Soft Cob+,Juno Soft Cob+ 3000 K 10W DALI Matt Sort,,,,,Juno,Downlight,Product
3225313,Juno Soft Cob+,Juno Soft Cob+ 3000K 10W Matt Hvit,,,,,Juno,Downlight,Product
3225314,Juno Soft Cob+,Juno Soft Cob+ 3000K Matt Sort,,,,,Juno,Downlight,Product
3225312,Juno Soft Cob+,Juno Soft Cob+ LED 10W Børstet Stål,,,,,Juno,Downlight,Product
3225310,Juno Soft Cob+,Juno Soft Cob+ LED 10W Matt Hvit,,,,,Juno,Downlight,Product
3225311,Juno Soft Cob+,Juno Soft Cob+ LED 10W Matt Sort,,,,,Juno,Downlight,Product
3109566,Juno Soft Cob+ Oudoor,Juno Soft COB+ Outdoor LED 10W Matt Sort,,,,,Juno,Downlight,Product
3229347,JUNO SoftPro,Juno SoftPro 18W 3000K Matt Hvit,,,,,Juno,Downlight,Product
3105879,DOT accessories,Koblingsboks Serie IP68 for nedgraving,,,,,,Orientation light,Product
3105864,KON,Kon 2x3W Grafitt,,,,,Kon,Ceiling- and wall luminaire,Product
3105865,KON,Kon 2x3W Hvit,,,,,Kon,Ceiling- and wall luminaire,Product
3229465,KONY 3-Spot,Kony LED 3-spot Matt Hvit,,,,,Kony,Track lighting,Product
3229472,KONY wall,KONY LED USB Vegg Matt Hvit,,,,,Kony,Track lighting,Product
3229473,KONY wall,KONY LED USB Vegg Matt Sort,,,,,Kony,Track lighting,Product
3229470,KONY wall,KONY LED Vegg Matt Hvit,,,,,Kony,Track lighting,Product
3229460,KONY Fixture,Kony Rondell Matt Hvit,,,,,Kony,Track lighting,Product
3105862,KUBE,Kube 2x3W Grafitt,,,,,Kube,Ceiling- and wall luminaire,Product
3105863,KUBE,Kube 2x3W Hvit,,,,,Kube,Ceiling- and wall luminaire,Product
3109755,KUBUS,Kubus 2x5W Hvit,,,,,Tubus,Ceiling- and wall luminaire,Product
3109753,KUBUS,Kubus 2x5W Sort,,,,,Tubus,Ceiling- and wall luminaire,Product
3229480,Led Compact,Led Compact 176 15W Matt Hvit,,,,,LED Compact,Downlight,Product
3229482,Led Compact,Led Compact 202 15W Matt Hvit,,,,,LED Compact,Downlight,Product
3229483,Led Compact,Led Compact 202 24W Matt Hvit,,,,,LED Compact,Downlight,Product
3109273,LED Driver 3W/350mA,LED Driver 3W 350mA IP67,,,,,LED driver,Drivers,Product
6614620,LED Driver W/350mA,LED Driver 9W 350mA IP68,,,,,LED driver,Drivers,Product
6614660,LED Driver for SmartPanal II,LED Driver for SmartPanel II 47W m/kabel,,,,,LED Panel Driver,Drivers,Product
3305855,LED Panel,LED Panel 1200/300 47W 3000K u/driver,,,,,LED Panel,Ceiling- and wall luminaire,Product
3305856,LED Panel,LED Panel 1200/300 47W 4000K u/driver,,,,,LED Panel,Ceiling- and wall luminaire,Product
3305857,LED Panel,LED Panel 600/600 40W 3000K m/driver,,,,,LED Panel,Ceiling- and wall luminaire,Product
3305858,LED Panel,LED Panel 600/600 40W 4000K m/driver,,,,,LED Panel,Ceiling- and wall luminaire,Product
3305852,LED Panel,LED Panel 600/600 47W 3000K u/driver,,,,,LED Panel,Ceiling- and wall luminaire,Product
3305853,LED Panel,LED Panel 600/600 47W 4000K u/driver,,,,,LED Panel,Ceiling- and wall luminaire,Product
3229321,LIMBO,Limbo 10W WarmDim Børstet stål,,,,,Limbo,Downlight,Product
3229320,LIMBO,Limbo 10W WarmDim Matt Hvit,,,,,Limbo,Downlight,Product
3229322,LIMBO,Limbo 10W WarmDim Matt Sort,,,,,Limbo,Downlight,Product
3229331,LIMBO Intergral,Limbo Integral 10W WarmDim Børstet stål,,,,,Limbo,Downlight,Product
3229330,LIMBO Intergral,Limbo Integral 10W WarmDim Matt Hvit,,,,,Limbo,Downlight,Product
3229332,LIMBO Intergral,Limbo Integral 10W WarmDim Matt Sort,,,,,Limbo,Downlight,Product
3229326,LIMBO Soft,Limbo Soft 10W WarmDim Børstet stål,,,,,Limbo,Downlight,Product
3229325,LIMBO Soft,Limbo Soft 10W WarmDim Matt Hvit,,,,,Limbo,Downlight,Product
3229327,LIMBO Soft,Limbo Soft 10W WarmDim Matt Sort,,,,,Limbo,Downlight,Product
3229510,LIMBO Soft,Limbo Soft 2700K Matt Hvit,,,,,Limbo,Downlight,Product
3229511,LIMBO Soft,Limbo Soft 3000K Matt Hvit,,,,,Limbo,Downlight,Product
1202710,LINECT,Linect 3-pol koblingsboks m/kabel,,,,,Linect,Drivers,Product
1202711,LINECT,Linect 5-pol koblingsboks m/kabel,,,,,Linect,Drivers,Product
3109796,LOLITE Round,Lolite Round 1x4W Hvit,,,,,Lolite,Orientation light,Product
3109795,LOLITE Round,Lolite Round 1x4W Sort,,,,,Lolite,Orientation light,Product
3109794,LOLITE Square,Lolite Square 1x4W Hvit,,,,,Lolite,Orientation light,Product
3109793,LOLITE Square,Lolite Square 1x4W Sort,,,,,Lolite,Orientation light,Product
3109502,MACRON Flat Bollard,Macron Flat Led 23W Pullert Grafitt,,,,,Macron,Inground and bollards,Product
3109500,MACRON Flat Bollard,Macron Flat LED 38W pullert Grafitt,,,,,Macron,Inground and bollards,Product
3109698,SONIC SPOT accessories,Masteklemme Sonic Medium 60-105mm Grafitt,,,,,Sonic,Spotlight and floodlight,Product
3109697,SONIC SPOT accessories,Masteklemme Sonic Medium 60mm Grafitt 9-0221,,,,,Sonic,Spotlight and floodlight,Product
3225582,MASTERCHEF,MasterChef 2x4W WarmDim Børstet Stål,,,,,MasterChef,Track lighting,Product
3225580,MASTERCHEF,MasterChef 2x4W WarmDim Matt Hvit,,,,,MasterChef,Track lighting,Product
3225583,MASTERCHEF,MasterChef 3x4W WarmDim Børstet Stål,,,,,MasterChef,Track lighting,Product
3225581,MASTERCHEF,MasterChef 3x4W WarmDim Matt Hvit,,,,,MasterChef,Track lighting,Product
3109631,MINI Buzz,Mini Buzz 1 13W Led Grafitt,,,,,Buzz,Inground and bollards,Product
3109596,Drift Flat Eyelid,Mini Flat DRIFT Eyelid LED 12W Grafitt,,,,,Flat,Ceiling- and wall luminaire,Product
3109597,Drift Flat Eyelid,Mini Flat DRIFT Eyelid LED 12W Hvit,,,,,Flat,Ceiling- and wall luminaire,Product
3109595,Drift Flat Eyelid,Mini Flat DRIFT Eyelid LED 12W Sølv,,,,,Flat,Ceiling- and wall luminaire,Product
3109441,Drift Flat,Mini Flat DRIFT LED 12W Grafitt,,,,,Flat,Ceiling- and wall luminaire,Product
3109442,Drift Flat,Mini Flat DRIFT LED 12W Hvit,,,,,Flat,Ceiling- and wall luminaire,Product
3109446,Drift Flat,Mini Flat DRIFT LED 12W Sensor Grafitt,,,,,Flat,Ceiling- and wall luminaire,Product
3109447,Drift Flat,Mini Flat DRIFT LED 12W Sensor Hvit,,,,,Flat,Ceiling- and wall luminaire,Product
3109445,Drift Flat,Mini Flat DRIFT LED 12W Sensor Sølv,,,,,Flat,Ceiling- and wall luminaire,Product
3109440,Drift Flat,Mini Flat DRIFT LED 12W Sølv,,,,,Flat,Ceiling- and wall luminaire,Product
3306756,MIR accessories,Mir Skjøt 10 cm (fleksibel),,,,,Mir,Track lighting accessories,Accessories
3306751,MIR,Mir T5 Dimmbar 240V 100 cm - 14W,,,,,Mir,Track lighting,Product
3306750,MIR,Mir T5 Dimmbar 240V 120 cm - 18W,,,,,Mir,Track lighting,Product
3306753,MIR,Mir T5 Dimmbar 240V 30 cm - 5W,,,,,Mir,Track lighting,Product
3306752,MIR,Mir T5 Dimmbar 240V 60 cm - 10W,,,,,Mir,Track lighting,Product
3306766,MIR accessories,MIR T5 koblingsboks,,,,,Mir,Track lighting accessories,Accessories
3306764,MIR accessories,MIR T5-L(L),,,,,Mir,Track lighting accessories,Accessories
3306765,MIR accessories,MIR T5-L(r),,,,,Mir,Track lighting accessories,Accessories
3306763,MIR accessories,MIR T5-T T stykke,,,,,Mir,Track lighting accessories,Accessories
3306757,MIR accessories,Mir Tilkoblingsledning 1 m,,,,,Mir,Track lighting accessories,Accessories
3306767,MIR accessories,Mir Tilkoblingsledning 30cm,,,,,Mir,Track lighting accessories,Accessories
3109705,NEOPLACE Pole,NeoPlace 28W 4000K Grafitt m/5 meter kabel,,,,,NeoPlace,Inground and bollards,Product
3105820,NEWTON Round Wall,Newton Round Wall 13W 3K Grafitt,,,,,Newton,Ceiling- and wall luminaire,Product
3105822,NEWTON Square Wall,Newton Square Wall 13W 3000K Grafitt,,,,,Newton,Ceiling- and wall luminaire,Product
3105836,NEWTON Round Bollard,NEWTON2 Round Pullert LED 13W 350mA 1010lm 3000K Grafitt,,,,,Newton,Inground and bollards,Product
3105832,NEWTON Round Bollard,NEWTON2 Round Pullert LED 13W Sølv,,,,,Newton,Inground and bollards,Product
3105838,NEWTON Square Bollard,NEWTON2 Square Pullert LED 13W 350mA 1010lm 3000K Grafitt,,,,,Newton,Inground and bollards,Product
3305891,NICE,Nice 10W Dim 2700K Hvit,,,,,Nice,Ceiling- and wall luminaire,Product
3305892,NICE,Nice 10W S Dim 2700K Hvit,,,,,Nice,Ceiling- and wall luminaire,Product
3305893,NICE,Nice 15W Dim 2700K Hvit,,,,,Nice,Ceiling- and wall luminaire,Product
3305894,NICE,Nice 15W S Dim 2700K Hvit,,,,,Nice,Ceiling- and wall luminaire,Product
3305896,NICE,Nice Eco 7W 3000K med stikk,,,,,Nice,Ceiling- and wall luminaire,Product
3305897,NICE,Nice Eco PIR 7W 3000K,,,,,Nice,Ceiling- and wall luminaire,Product
3306337,NOVODISC,NovoDisc L Dali Hvit,,L,Dali,-,NovoDisc,Ceiling- and wall luminaire,Product
3306335,NOVODISC,NovoDisc L Dim Hvit,,L,Dim,-,NovoDisc,Ceiling- and wall luminaire,Product
3306327,NOVODISC,NovoDisc L EM03 Hvit,,L,Em03,-,NovoDisc,Ceiling- and wall luminaire,Product
3306325,NOVODISC,NovoDisc L Hvit,,L,-,-,NovoDisc,Ceiling- and wall luminaire,Product
3306328,NOVODISC,NovoDisc L Sensor EM03 Hvit,,L,Sensor,Em03,NovoDisc,Ceiling- and wall luminaire,Product
3306326,NOVODISC,NovoDisc L Sensor Hvit,,L,Sensor,-,NovoDisc,Ceiling- and wall luminaire,Product
3306360,NOVODISC,Novodisc M Eco M 12W 3000K,,M,Eco,-,NovoDisc,Ceiling- and wall luminaire,Product
3306361,NOVODISC,Novodisc M Eco Sensor M 12W 3000K,,M,Eco,Sensor,NovoDisc,Ceiling- and wall luminaire,Product
3306320,NOVODISC,NovoDisc M Hvit,,M,-,,NovoDisc,Ceiling- and wall luminaire,Product
3306321,NOVODISC,NovoDisc M Sensor Hvit,,M,Sensor,,NovoDisc,Ceiling- and wall luminaire,Product
3306350,NOVODISC,NovoDisc XL Dali Hvit,,XL,Dali,,NovoDisc,Ceiling- and wall luminaire,Product
3306348,NOVODISC,NovoDisc XL Dim Hvit,,XL,Dim,,NovoDisc,Ceiling- and wall luminaire,Product
3306342,NOVODISC,NovoDisc XL EM03 Hvit,,XL,Em03,,NovoDisc,Ceiling- and wall luminaire,Product
3306340,NOVODISC,NovoDisc XL Hvit,,XL,- ,,NovoDisc,Ceiling- and wall luminaire,Product
3306343,NOVODISC,NovoDisc XL Sensor EM03 Hvit,,XL,Sensor,Em03,NovoDisc,Ceiling- and wall luminaire,Product
3306341,NOVODISC,NovoDisc XL Sensor Hvit,,XL,Sensor,-,NovoDisc,Ceiling- and wall luminaire,Product
3109476,PLUTO Slim Ramp,Pluto Slim Ramp LED 12W 3000K Grafitt,,,,,Pluto,Orientation light,Product
3109477,PLUTO Slim Ramp,Pluto Slim Ramp LED 12W 3000K Sølv,,,,,Pluto,Orientation light,Product
3229492,POWERCONE,PowerCone 100W 4000K Sort,,,,,Power Cone,Spotlight and floodlight,Product
3229493,POWERCONE,PowerCone 150W 4000K Sort,,,,,Power Cone,Spotlight and floodlight,Product
3229496,POWERCONE,PowerCone 50W 3000K Hvit,,,,,Power Cone,Spotlight and floodlight,Product
3229491,POWERCONE,PowerCone 50W 4000K Sort,,,,,Power Cone,Spotlight and floodlight,Product
3805730,PRISMA,Prisma+ 6W GU10 WarmDim Ra90 Grå,,,,,Prismacob,Light bulbs,Product
3805731,PRISMA,Prisma+ 6W GU10 WarmDim Ra90 Hvit,,,,,Prismacob,Light bulbs,Product
3805742,PRISMACOB,PrismaCob+ 24D GU10 6W WarmDim Ra95 Grå,,,,,Prismacob,Light bulbs,Product
3805743,PRISMACOB,PrismaCob+ 24D GU10 6W WarmDim Ra95 Hvit,,,,,Prismacob,Light bulbs,Product
3805705,PRISMACOB,"PrismaCob+ GU10 24D 6,5W Ra96 Grå",,,,,Prismacob,Light bulbs,Product
3805706,PRISMACOB,"PrismaCob+ GU10 24D 6,5W Ra96 Hvit",,,,,Prismacob,Light bulbs,Product
3805703,PRISMACOB,"PrismaCob+ GU10 6,5W Ra96 Grå",,,,,Prismacob,Light bulbs,Product
3805704,PRISMACOB,"PrismaCob+ GU10 6,5W Ra96 Hvit",,,,,Prismacob,Light bulbs,Product
3805740,PRISMACOB,PrismaCob+ GU10 6W WarmDim Ra95 Grå,,,,,Prismacob,Light bulbs,Product
3805741,PRISMACOB,PrismaCob+ GU10 6W WarmDim Ra95 Hvit,,,,,Prismacob,Light bulbs,Product
3225372,REHABPLATE,Rehabplate Rund 130mm Børstet Stål,,,,,,Downlight accessories,Accessories
3225370,REHABPLATE,Rehabplate Rund 130MM Matt Hvit,,,,,,Downlight accessories,Accessories
3225373,REHABPLATE,Rehabplate Rund 130MM Matt Sort,,,,,,Downlight accessories,Accessories
3225379,REHABPLATE,Rehabplate Rund 180mm Børstet Stål,,,,,,Downlight accessories,Accessories
3225377,REHABPLATE,Rehabplate Rund 180MM Matt Hvit,,,,,,Downlight accessories,Accessories
3225380,REHABPLATE,Rehabplate Rund 180MM Matt Sort,,,,,,Downlight accessories,Accessories
3225387,REHABPLATE,Rehabplate Rund 215MM Børstet Stål,,,,,,Downlight accessories,Accessories
3225385,REHABPLATE,Rehabplate Rund 215MM Matt Hvit,,,,,,Downlight accessories,Accessories
3225388,REHABPLATE,Rehabplate Rund 215MM Matt Sort,,,,,,Downlight accessories,Accessories
3109280,RETINA CROSS,Retina Cross 18W IP65 Grafitt,,,,,Retina,Ceiling- and wall luminaire,Product
3109296,RETINA CROSS,Retina Cross 18W IP65 Hvit,,,,,Retina,Ceiling- and wall luminaire,Product
3109297,RETINA CROSS,Retina Cross 18W IP65 Sølv,,,,,Retina,Ceiling- and wall luminaire,Product
3109411,RETINA CROSS,Retina Cross LED 12W IP65 Grafitt,,,,,Retina,Ceiling- and wall luminaire,Product
3109412,RETINA CROSS,Retina Cross LED 12W IP65 Hvit,,,,,Retina,Ceiling- and wall luminaire,Product
3109410,RETINA CROSS,Retina Cross LED 12W IP65 Sølv,,,,,Retina,Ceiling- and wall luminaire,Product
3109430,RETINA Eyelid,Retina Eyelid LED 12W IP65 Grafitt,,,,,Retina,Ceiling- and wall luminaire,Product
3109432,RETINA Eyelid,Retina Eyelid LED 12W IP65 Hvit,,,,,Retina,Ceiling- and wall luminaire,Product
3109431,RETINA Eyelid,Retina Eyelid LED 12W IP65 Sølv,,,,,Retina,Ceiling- and wall luminaire,Product
3109401,RETINA,Retina LED 12W IP65 Grafitt,,,,,Retina,Ceiling- and wall luminaire,Product
3109402,RETINA,Retina LED 12W IP65 Hvit,,,,,Retina,Ceiling- and wall luminaire,Product
3109400,RETINA,Retina LED 12W IP65 Sølv,,,,,Retina,Ceiling- and wall luminaire,Product
3109406,RETINA,Retina LED 12W Sensor IP65 Grafitt,,,,,Retina,Ceiling- and wall luminaire,Product
3109407,RETINA,Retina LED 12W Sensor IP65 Hvit,,,,,Retina,Ceiling- and wall luminaire,Product
3109405,RETINA,Retina LED 12W Sensor IP65 Sølv,,,,,Retina,Ceiling- and wall luminaire,Product
3109650,RETINA,Retina Maxi 23W IP65 Grafitt,,,,,Retina,Ceiling- and wall luminaire,Product
3109652,RETINA,Retina Maxi 23W IP65 Hvit,,,,,Retina,Ceiling- and wall luminaire,Product
3109651,RETINA,Retina Maxi 23W IP65 Sølv,,,,,Retina,Ceiling- and wall luminaire,Product
3109665,RETINA,Retina Maxi Sensor 23W 4000K IP65 Grafitt,,,,,Retina,Ceiling- and wall luminaire,Product
3109653,RETINA,Retina Maxi Sensor 23W IP65 Grafitt,,,,,Retina,Ceiling- and wall luminaire,Product
3109655,RETINA,Retina Maxi Sensor 23W IP65 Hvit,,,,,Retina,Ceiling- and wall luminaire,Product
3109654,RETINA,Retina Maxi Sensor 23W IP65 Sølv,,,,,Retina,Ceiling- and wall luminaire,Product
3109421,RETINA Stripe,Retina Stripe LED 12W IP65 Grafitt,,,,,Retina,Ceiling- and wall luminaire,Product
3109422,RETINA Stripe,Retina Stripe LED 12W IP65 Hvit,,,,,Retina,Ceiling- and wall luminaire,Product
3109420,RETINA Stripe,Retina Stripe LED 12W IP65 Sølv,,,,,Retina,Ceiling- and wall luminaire,Product
3105830,SE7EN,"SE7EN LED Pullert 5,6W 3000K Mørk grå",,,,,Se7en,Inground and bollards,Product
1405912,SERVICEPAKKE,Servicepakke Dimmer Sort,,,,,Unidim,Downlight accessories,Accessories
1405911,SERVICEPAKKE,Servicepakke Dimmer Sølv,,,,,Unidim,Downlight accessories,Accessories
1405918,SERVICEPAKKE,Servicepakke UniDim Duo Sort,,,,,Unidim,Downlight accessories,Accessories
3109492,SIROCCO,Sirocco Wall Asym LED 54W 4000K Grafitt,,,,,Sirocco,Spotlight and floodlight,Product
3306761,MIR accessories,Skjøt 100 cm. Mir LED,,,,,Mir,Track lighting accessories,Accessories
3306760,MIR accessories,Skjøt 50 cm. Mir LED,,,,,Mir,Track lighting accessories,Accessories
3109456,SONIC ARM,Sonic Medium Arm LED 38W 3000K 19° Grafitt,,,,,Sonic,Spotlight and floodlight,Product
3109459,SONIC,Sonic Medium COB REFLECTOR 43D,,,,,Sonic,Spotlight and floodlight,Product
3109452,SONIC SPOT,Sonic Medium LED 38W 3000K 19° Grafitt,,,,,Sonic,Spotlight and floodlight,Product
3109782,SONIC MAST,Sonic Medium Mast 38W 43g 3000K Grafitt,,,,,Sonic,Spotlight and floodlight,Product
3109263,SONIC SPOT,"Sonic Mini 6,5W GU10 LED IP65 Grafitt",,,,,Sonic,Spotlight and floodlight,Product
3109264,SONIC ARM,"Sonic Mini Arm GU10 6,5W LED IP65 Grafitt",,,,,Sonic,Spotlight and floodlight,Product
3109454,SONIC ARM,Sonic Mini Arm LED 13W 3000K 25° Grafitt,,,,,Sonic,Spotlight and floodlight,Product
3109458,SONIC,Sonic Mini COB REFLECTOR 55D,,,,,Sonic,Spotlight and floodlight,Product
3109450,SONIC SPOT,Sonic Mini LED 13W 3000K 25° Grafitt,,,,,Sonic,Spotlight and floodlight,Product
3109780,SONIC MAST,Sonic Mini Mast 13W 25g 3000K Grafitt,,,,,Sonic,Spotlight and floodlight,Product
3109781,SONIC MAST,Sonic Mini Mast 13W 55g 3000K Grafitt,,,,,Sonic,Spotlight and floodlight,Product
3105810,TILO COB Outdoor,Tilo Cob Outdoor Hvit,,,,,Tilo,Downlight,Product
3105812,TILO COB Outdoor,Tilo Cob Outdoor Sølv,,,,,Tilo,Downlight,Product
3225317,Tilo Cob+,Tilo Cob+ LED 10W Børstet Stål,,,,,Tilo,Downlight,Product
3225316,Tilo Cob+,Tilo Cob+ LED 10W Matt Hvit,,,,,Tilo,Downlight,Product
3225318,Tilo Cob+,Tilo Cob+ LED 10W Matt Sort,,,,,Tilo,Downlight,Product
3109555,Tilo Cob+ Outdoor,Tilo Cob+ Outdoor LED 10W Matt Hvit,,,,,Tilo,Downlight,Product
3225560,TILO Soft Cob,Tilo Soft Cob 8W MattHvit,,,,,Tilo,Downlight,Product
3225322,TILO Soft Cob+,Tilo Soft Cob+ LED 10W Børstet Stål,,,,,Tilo,Downlight,Product
3225320,TILO Soft Cob+,Tilo Soft Cob+ LED 10W Matt Hvit,,,,,Tilo,Downlight,Product
3225321,TILO Soft Cob+,Tilo Soft Cob+ LED 10W Matt Sort,,,,,Tilo,Downlight,Product
3224891,Titan accessories,Titan Endekappe Hvit,,,,,Titan,Track lighting accessories,Accessories
3229406,Titan accessories,Titan Endekappe Sort,,,,,Titan,Track lighting accessories,Accessories
3224996,TITAN Kony Spot,Titan Kony Spot Led Matt Hvit,,,,,Kony,Track lighting,Product
3224997,TITAN Kony Spot,Titan Kony Spot Led Matt Sort,,,,,Kony,Track lighting,Product
3224994,Titan Kony Track 3 Spot,Titan Kony Track 3 Spot LED Matt Hvit,,,,,Kony,Track lighting,Product
3224995,Titan Kony Track 3 Spot,Titan Kony Track 3 Spot LED Matt Sort,,,,,Kony,Track lighting,Product
3229408,Titan accessories,Titan L-Skjøt Sort,,,,,Titan,Track lighting accessories,Accessories
3229300,Titan accessories,Titan Midttilkobling Hvit,,,,,Titan,Track lighting accessories,Accessories
3229409,Titan accessories,Titan Midttilkobling Sort,,,,,Titan,Track lighting accessories,Accessories
3229303,Titan accessories,Titan Pendeladapter Hvit,,,,,Titan,Track lighting accessories,Accessories
3229414,Titan accessories,Titan Pendeladapter Sort,,,,,Titan,Track lighting accessories,Accessories
3224895,Titan accessories,Titan Skinneskjøt Hvit,,,,,Titan,Track lighting accessories,Accessories
3229407,Titan accessories,Titan Skinneskjøt Sort,,,,,Titan,Track lighting accessories,Accessories
3224973,Titan accessories,Titan T Kobling Hvit Høyre,,,,,Titan,Track lighting accessories,Accessories
3229413,Titan accessories,Titan T Kobling Sort Høyre,,,,,Titan,Track lighting accessories,Accessories
3229308,Titan accessories,Titan Takpunkt for skinne Hvit,,,,,Titan,Track lighting accessories,Accessories
3229309,Titan accessories,Titan Takpunkt for skinne Sort,,,,,Titan,Track lighting accessories,Accessories
3229306,Titan accessories,Titan Takpunkt For Spot Hvit,,,,,Titan,Track lighting accessories,Accessories
3229410,Titan accessories,Titan Takpunkt For Spot Sort,,,,,Titan,Track lighting accessories,Accessories
3224897,Titan accessories,Titan Tilbehør L-Skjøt Hvit,,,,,Titan,Track lighting accessories,Accessories
3224893,Titan accessories,Titan Tilkobling 240V Hvit Høyre,,,,,Titan,Track lighting accessories,Accessories
3224971,Titan accessories,Titan Tilkobling 240V Hvit Venstre,,,,,Titan,Track lighting accessories,Accessories
3229412,Titan accessories,Titan Tilkobling 240V Sort Høyre,,,,,Titan,Track lighting accessories,Accessories
3229411,Titan accessories,Titan Tilkobling 240V Sort Venstre,,,,,Titan,Track lighting accessories,Accessories
3229400,TITAN Track,Titan Track 1 M Matt Hvit,,,,,Titan,Track lighting,Product
3229401,TITAN Track,Titan Track 1 M Matt Sort,,,,,Titan,Track lighting,Product
3229402,TITAN Track,Titan Track 2 M Matt Hvit,,,,,Titan,Track lighting,Product
3229403,TITAN Track,Titan Track 2 M Matt Sort,,,,,Titan,Track lighting,Product
3229404,TITAN Track,Titan Track 3 M Matt Hvit,,,,,Titan,Track lighting,Product
3229405,TITAN Track,Titan Track 3 M Matt Sort,,,,,Titan,Track lighting,Product
3109620,TUBE Wall,Tube Maxi 38W Down Aysm Grafitt 3000K,,,,,Tube,Ceiling- and wall luminaire,Product
3109622,TUBE Wall,Tube Maxi LED 2x36W Smal / Asym bred Grafitt 3000K,,,,,Tube,Ceiling- and wall luminaire,Product
3109621,TUBE Wall,Tube Maxi Led 38W Down Aysm Sølv 3000K,,,,,Tube,Ceiling- and wall luminaire,Product
3109465,TUBE Wall,Tube Maxi Wall Downlight LED 36W 3000K 19° Grafitt,,,,,Tube,Ceiling- and wall luminaire,Product
3109462,TUBE Wall,Tube Maxi Wall Up/Downlight LED 2x36W 3000K 19° Grafitt,,,,,Tube,Ceiling- and wall luminaire,Product
3109610,TUBE Wall,Tube Medium 17W LED Asymmetrisk Grafitt 3000K,,,,,Tube,Ceiling- and wall luminaire,Product
3109611,TUBE Wall,Tube Medium 17W LED Asymmetrisk Sølv 3000K,,,,,Tube,Ceiling- and wall luminaire,Product
3109464,TUBE Wall,Tube Medium Wall DownLight LED 17W 3000K 19° Grafitt,,,,,Tube,Ceiling- and wall luminaire,Product
3109461,TUBE Wall,Tube Medium Wall Up/DownLight LED 2x17W 3000K 19° Grafitt,,,,,Tube,Ceiling- and wall luminaire,Product
3109463,TUBE Wall,Tube Mini Down LED 13W 3000K 25° Grafitt,,,,,Tube,Ceiling- and wall luminaire,Product
3109531,TUBE Ceiling,Tube Mini Tak 13W LED 3K Grafitt,,,,,Tube,Ceiling- and wall luminaire,Product
3109300,TUBE Ceiling,"Tube Mini Tak 6,5W GU10 IP65 Grafitt",,,,,Tube,Ceiling- and wall luminaire,Product
3109301,TUBE Ceiling,"Tube Mini Tak 6,5W GU10 LED IP65 Hvit",,,,,Tube,Ceiling- and wall luminaire,Product
3109302,TUBE Ceiling,"Tube Mini Tak 6,5W GU10 LED IP65 Sølv",,,,,Tube,Ceiling- and wall luminaire,Product
3109255,TUBE Wall,"Tube Mini Up/Down 2x6,5W GU10 LED IP65 Grafitt",,,,,Tube,Ceiling- and wall luminaire,Product
3109303,TUBE Wall,"Tube Mini Up/Down 2x6,5W GU10 LED IP65 Hvit",,,,,Tube,Ceiling- and wall luminaire,Product
3109304,TUBE Wall,"Tube Mini Up/Down 2x6,5W GU10 LED IP65 Sølv",,,,,Tube,Ceiling- and wall luminaire,Product
3109460,TUBE Wall,Tube Mini Up/Down LED 2x13W 3000K 25° Grafitt,,,,,Tube,Ceiling- and wall luminaire,Product
3109521,TUBE Bollard,Tube Pullert 13W LED 3K Grafitt,,,,,Tube,Inground and bollards,Product
3109326,TUBE Bollard,"Tube Pullert 6,5W GU10 LED IP65 Grafitt",,,,,Tube,Inground and bollards,Product
3109511,TUBE Bollard,Tube Pullert IP65 Sølv,,,,,Core,Inground and bollards,Product
3109752,TUBUS,Tubus 2x5W Hvit,,,,,Tubus,Ceiling- and wall luminaire,Product
3109750,TUBUS,Tubus 2x5W Sort,,,,,Tubus,Ceiling- and wall luminaire,Product
3305872,TYFON,Tyfon 30W IP65 Klar/Prism (1x58W),,,,,Tyfon,Ceiling- and wall luminaire,Product
3305871,TYFON,Tyfon 48W IP65 Klar/Prism (2x36W),,,,,Tyfon,Ceiling- and wall luminaire,Product
3306401,TYFON,Tyfon 48W Sensor IP65,,,,,Tyfon,Ceiling- and wall luminaire,Product
3305873,TYFON,Tyfon 60W IP65 Klar/Prism (2x58W),,,,,Tyfon,Ceiling- and wall luminaire,Product
3306403,TYFON,Tyfon 60W Sensor IP65,,,,,Tyfon,Ceiling- and wall luminaire,Product
3224920,UNIBOKS,Uniboks innf.boks for DL høy Hvit,,,,,Uniboks,Downlight accessories,Accessories
3224921,UNIBOKS,Uniboks innf.boks for DL lav Hvit,,,,,Uniboks,Downlight accessories,Accessories
3225515,UNICONE cob,UniCone COB 8W Matt Hvit,,,,,Unicone,Downlight,Product
3229416,UNICONE Safe Asym,UniCone Safe Asym SGU10 Matt Hvit,,,,,Unicone,Downlight,Product
3229415,UNICONE Safe,UniCone Safe SGU10 Matt Hvit,,,,,Unicone,Downlight,Product
3225516,UNICONE+,UniCone+ 8W 2700K Matt Hvit,,,,,Unicone,Downlight,Product
3225520,UNICONE+,UniCone+ 8W 2700K Matt Sort,,,,,Unicone,Downlight,Product
3229418,UNICONE+ Asym,UniCone+ 9W Asym WarmDim Matt Hvit,,,,,Unicone,Downlight,Product
3229417,UNICONE+,UniCone+ 9W WarmDim Matt Hvit,,,,,Unicone,Downlight,Product
3225524,UNICONE+,UniCone+ 9W WarmDim Matt Sort,,,,,Unicone,Downlight,Product
1405908,UNIDIM Dobbel,UniDim Dobbel 2x100W LED dimmer,,,,,Unidim,Dimmers,Product
1405950,UNIDIM+ DALI Broadcast,UniDim+ DALI Broadcast dimmer,,,,,Unidim,Dimmers,Product
1405922,UNIDIM+ accessories,Unidim+ Servicepakke Liten Sort,,,,,Unidim,Dimmers accessories,Accessories
1405921,UNIDIM+ accessories,Unidim+ Servicepakke Liten Sølv,,,,,Unidim,Dimmers accessories,Accessories
1405920,UNIDIM+ accessories,Unidim+ Servicepk. Liten Hvit,,,,,Unidim,Dimmers accessories,Accessories
1405930,UNIDIM+ accessories,Unidim+ Servicepk. Stor Hvit,,,,,Unidim,Dimmers accessories,Accessories
1405932,UNIDIM+ accessories,Unidim+ Servicepk. Stor Sort,,,,,Unidim,Dimmers accessories,Accessories
1405931,UNIDIM+ accessories,Unidim+ Servicepk. Stor Sølv,,,,,Unidim,Dimmers accessories,Accessories
1405903,UNIDIM+ Universaldimmer,UniDim+ Universaldimmer KDT-500IE,,,,,Unidim,Dimmers,Product
3109277,SONIC SPOT accessories,Unilamp Sonic 0083 Jordspyd,,,,,Sonic,Spotlight and floodlight accessories,Accessories
3109291,SONIC SPOT accessories,Unilamp Sonic 0168 Feste for Tre/Stolpe,,,,,Sonic,Spotlight and floodlight accessories,Accessories
3225575,UNOCOB+,UnoCob+ 4W 3000K 450mA Ra96 Matt Hvit,,,,,Unocob,Downlight,Product
3225586,UNOCOB+,UnoCob+ 4W 450mA Ra96 Børstet Stål,,,,,Unocob,Downlight,Product
3225585,UNOCOB+,UnoCob+ 4W 450mA Ra96 Matt Hvit,,,,,Unocob,Downlight,Product
3225571,UNOCOB+,UnoCob+ 4W WarmDim 160mA Børstet Stål,,,,,Unocob,Downlight,Product
3225570,UNOCOB+,UnoCob+ 4W WarmDim 160mA Matt Hvit,,,,,Unocob,Downlight,Product
3225588,UNOCOB+ Pack,UnoCob+ pack 3x4W Børstet stål,,,,,Unocob,Downlight,Product
3225587,UNOCOB+ Pack,UnoCob+ pack 3x4W Matt Hvit,,,,,Unocob,Downlight,Product
3225573,UNOCOB+ Pack,UnoCob+ pack WarmDim 3x4W Børstet Stål,,,,,Unocob,Downlight,Product
3225572,UNOCOB+ Pack,UnoCob+ pack WarmDim 3x4W Matt Hvit,,,,,Unocob,Downlight,Product
1405970,WIDIM,WiDim 250 WiFi Veggdimmer 2-250W,,,,,Unidim,Dimmers,Product
1405980,WIDIM,WiDim B 250 WiFi innfellingsdimmer 3-250W,,,,,Unidim,Dimmers,Product
3109261,ZET,"ZET1 Round Led 6,5W IP67 Stål",,,,,Zet,Inground and bollards,Product
3109640,ZOUK 1,Zouk 1 IP65 9W Grafitt 3000K,,,,,Zouk,Orientation light,Product
3109642,ZOUK 1,Zouk 1 IP65 9W Hvit 3000K,,,,,Zouk,Orientation light,Product
3109641,ZOUK 1,Zouk 1 IP65 9W Sølv 3000K,,,,,Zouk,Orientation light,Product
3109870,ZOUK 1,ZOUK 1 Veggbrakett Grafitt,,,,,Zouk,Orientation light accessories,Accessories
3109645,ZOUK 2,Zouk 2 IP65 9W Grafitt 3000K,,,,,Zouk,Orientation light,Product
3109647,ZOUK 2,Zouk 2 IP65 9W Hvit 3000K,,,,,Zouk,Orientation light,Product
3109646,ZOUK 2,Zouk 2 IP65 9W Sølv 3000K,,,,,Zouk,Orientation light,Product
3109810,ZOUK 3,Zouk 3 IP65 9W Grafitt 3000K,,,,,Zouk,Orientation light,Product
3109812,ZOUK 3,Zouk 3 IP65 9W Hvit 3000K,,,,,Zouk,Orientation light,Product
,,,,,,,,,
,,,,,,,60,,